[
    {
      "name": "John Doe",
      "age": 30,
      "city": "New York"
    },
    {
      "name": "Jane Doe",
      "age": 25,
      "city": "Los Angeles"
    },
    {
      "name": "Bob Smith",
      "age": 40,
      "city": "Chicago"
    },
    {
      "name": "Alice Johnson",
      "age": 35,
      "city": "Houston"
    },
    {
      "name": "Mike Brown",
      "age": 28,
      "city": "Phoenix"
    },
    {
      "name": "Emily Davis",
      "age": 32,
      "city": "Philadelphia"
    },
    {
      "name": "Sarah Taylor",
      "age": 29,
      "city": "San Antonio"
    },
    {
      "name": "Kevin White",
      "age": 38,
      "city": "San Diego"
    },
    {
      "name": "Lisa Nguyen",
      "age": 26,
      "city": "Dallas"
    },
    {
      "name": "Michael Martin",
      "age": 42,
      "city": "San Jose"
    }
  ]